{
    // uplink format (DEFAULT/STANDARD/STE)
    "uplink_format": "DEFAULT",
    
    // ABP, OTAA
    "mode": "ABP",

    // AS923
    "datarate_scheme": "AS923",
    
    "id":{
         "devaddr":"98 1C 01 26",
         "deveui":"0x00, 0xDA, 0x30, 0x29, 0x5B, 0x78, 0x43, 0xA8",
         "appeui":"0x70, 0xB3, 0xD5, 0x7E, 0xD0, 0x01, 0xB7, 0x8D"
    },

    /* nwkskey, appskey, appkey */
    "key":{
        "nwkskey":"B2 1B CC 01 6A 8A AB 05 11 6A D7 25 C9 15 AE F3",
        "appskey":"39 5B 05 69 AE 36 26 63 FF B3 7D 72 FF 77 60 DB",
        "appkey":"0x86, 0x00, 0x00, 0x00, 0x00, 0x00, 0x00, 0x00, 0x86, 0x00, 0x00, 0x00, 0x00, 0x00, 0x00, 0x00"
    },

    // final_period = period ± period_offset
    // Transmit period, unit: s
    "period": 1200,
    // Transmit period random offset, unit: s
    "period_offset": 1,

    "rxwin2":{
        "freq":923.2,
        "dr": 3
    },
    
    // adaptive datarate option, true: enable, false: disable
    "adr":true,


    "dr": 0,                // default datarate DR0~DR15
    "power": 20,            // dBm
    "rept": 1,              // unconfirmed message repetition
    "retry": 3,             // confirmed message retry
    "port": 18,              // retry
    "class": "A",           // Class A, C. B is not supported.
    "threshold": -90,        // Free channel threshold

    /* Fake GPS coordinate in degree. */
    "gps":{
        "longitude": 0.000000,
        "latitude": 0.000000
    },

    /* Oder of the sections decides, index can't ignored, member by which index is ignored
        the index will be counted automatically from last index, if first member's index is ignored,
        it starts from zero  */
    "channels":[
        {"index": 0, "freq": 923.2, "dr_min": 0, "dr_max": 5},
        {"index": 1, "freq": 923.4, "dr_min": 0, "dr_max": 5},
        {"index": 2, "freq": 922.2, "dr_min": 0, "dr_max": 5},
        {"index": 3, "freq": 922.4, "dr_min": 0, "dr_max": 5},
        {"index": 4, "freq": 922.6, "dr_min": 0, "dr_max": 5},
        {"index": 5, "freq": 922.8, "dr_min": 0, "dr_max": 5},
        {"index": 6, "freq": 923.0, "dr_min": 0, "dr_max": 5},
        {"index": 7, "freq": 922.0, "dr_min": 0, "dr_max": 5}
    ]
}

