{
    // uplink format (DEFAULT/STANDARD)
    "uplink_format": "DEFAULT",

    // ABP, OTAA
    "mode": "ABP",

    // final_period = period ± period_offset
    // Transmit period, unit: s
    "period": 5,
    // Transmit period random offset, unit: s
    "period_offset": 1,

    // AU920
    "datarate_scheme": "AU920",

    // "id":{
    //     "devaddr":"00 00 00 0F",
    //     "deveui":"0x86, 0x00, 0x00, 0x00, 0x00, 0x00, 0x00, 0x02",
    //     "appeui":"0x86, 0x73, 0x65, 0x6D, 0x74, 0x65, 0x63, 0x68"
    // },

    // /* nwkskey, appskey, appkey */
    // "key":{
    //     "nwkskey":"2B 7E 15 16 28 AE D2 A6 AB F7 15 88 09 CF 4F 3c",
    //     "appskey":"2B7E151628AED2A6ABF7158809CF4F3C",
    //     "appkey":"0x86, 0x00, 0x00, 0x00, 0x00, 0x00, 0x00, 0x00, 0x86, 0x00, 0x00, 0x00, 0x00, 0x00, 0x00, 0x00"
    // },

    "rxwin2":{
        "freq":923.3,
        "dr": 8
    },

    // adaptive datarate option, true: enable, false: disable
    "adr":true,


    "dr": 0,                // default datarate DR0~DR15
    "power": 14,            // dBm
    "rept": 1,              // unconfirmed message repetition
    "retry": 3,             // confirmed message retry
    "port": 8,              // retry
    "class": "A",           // Class A, C. B is not supported.
    "threshold": -90        // Free channel threshold
}
